Symbol,Date,Open,High,Low,Close,Volume,Rise,industry
A,2022-10-21,126.37,130.13,124.82,129.88,1067000.0,3.33,Diagnostics & Research
AAL,2022-10-21,13.36,13.87,13.21,13.71,36732400.0,4.58,Airlines
AAP,2022-10-21,170.59,172.78,169.5,171.34,826300.0,1.64,Specialty Retail
AAPL,2022-10-21,142.87,147.85,142.65,147.27,86464700.0,6.42,Consumer Electronics
ABBV,2022-10-21,143.34,147.76,142.43,147.06,5418800.0,2.88,Drug Manufacturers—General
ABC,2022-10-21,142.47,148.39,142.47,147.73,1538300.0,5.07,Medical Distribution
ABMD,2022-10-21,251.4,256.96,247.18,256.22,221400.0,2.78,Medical Devices
ABT,2022-10-21,94.35,95.52,93.25,95.06,9857800.0,-5.8,Medical Devices
ACN,2022-10-21,261.53,269.89,260.68,269.57,3206600.0,6.67,Information Technology Services
ADBE,2022-10-21,300.99,307.43,298.23,306.37,3656900.0,6.4,Software—Infrastructure
ADI,2022-10-21,141.93,147.42,140.95,146.59,3612400.0,7.21,Semiconductors
ADM,2022-10-21,87.62,90.06,87.24,89.69,2222900.0,7.57,Farm Products
ADP,2022-10-21,228.94,233.17,227.42,232.74,2112100.0,3.02,Staffing & Employment Services
ADSK,2022-10-21,197.51,202.21,193.73,201.39,1053600.0,6.1,Software—Application
AEE,2022-10-21,76.88,78.23,76.17,77.58,1199600.0,1.74,Utilities—Regulated Electric
AEP,2022-10-21,84.11,86.16,83.41,85.63,2278600.0,2.53,Utilities—Regulated Electric
AES,2022-10-21,23.8,24.49,23.51,24.48,4534200.0,5.02,Utilities—Diversified
AFL,2022-10-21,59.33,61.06,59.18,60.97,2486000.0,3.11,Insurance—Life
AIG,2022-10-21,51.77,53.3,51.66,53.25,4078600.0,5.01,Insurance—Diversified
AIZ,2022-10-21,145.73,147.63,145.06,146.91,407500.0,-0.3,Insurance—Specialty
AJG,2022-10-21,173.26,175.46,169.01,175.37,1286300.0,2.94,Insurance Brokers
AKAM,2022-10-21,83.19,86.06,82.92,85.88,1052900.0,7.38,Software—Infrastructure
ALB,2022-10-21,255.97,271.37,254.51,270.01,1317700.0,13.7,Specialty Chemicals
ALGN,2022-10-21,196.58,208.45,192.63,207.67,1183000.0,3.0,Medical Devices
ALK,2022-10-21,39.71,41.37,39.46,41.01,2551300.0,-1.96,Airlines
ALL,2022-10-21,118.31,123.57,117.94,120.08,3193700.0,-9.33,Insurance—Property & Casualty
ALLE,2022-10-21,90.02,93.21,88.82,92.79,681300.0,3.17,Security & Protection Services
AMAT,2022-10-21,78.83,82.65,78.13,82.42,11568900.0,10.16,Semiconductor Equipment & Materials
AMCR,2022-10-21,10.93,11.31,10.88,11.3,8944000.0,4.24,Packaging & Containers
AMD,2022-10-21,57.22,58.91,55.71,58.82,95295600.0,5.15,Semiconductors
AME,2022-10-21,115.1,119.41,114.36,119.18,1151000.0,5.23,Specialty Industrial Machinery
AMGN,2022-10-21,247.52,252.39,247.01,251.94,3530900.0,0.24,Drug Manufacturers—General
AMP,2022-10-21,258.31,267.53,257.1,267.01,549600.0,3.54,Asset Management
AMT,2022-10-21,188.97,188.97,183.13,187.56,2078000.0,0.96,REIT—Specialty
AMZN,2022-10-21,114.79,119.59,114.5,119.32,55611900.0,11.62,Internet Retail
ANET,2022-10-21,105.65,111.0,105.39,110.52,2178600.0,10.11,Computer Hardware
ANSS,2022-10-21,210.87,214.69,208.21,214.15,586700.0,5.38,Software—Application
AON,2022-10-21,273.6,281.19,270.37,280.12,1633400.0,3.44,Insurance Brokers
AOS,2022-10-21,49.07,50.29,48.67,50.13,990200.0,2.22,Specialty Industrial Machinery
APA,2022-10-21,41.91,43.2,41.51,43.19,8481400.0,8.81,Oil & Gas E&P
APD,2022-10-21,238.18,242.28,235.7,241.29,1157200.0,3.77,Specialty Chemicals
APH,2022-10-21,68.99,71.85,68.99,71.55,2625400.0,6.71,Electronic Components
APTV,2022-10-21,85.31,87.41,84.14,87.04,2488200.0,6.94,Auto Parts
ARE,2022-10-21,128.76,132.11,126.74,132.05,813000.0,0.38,REIT—Office
ATO,2022-10-21,100.25,102.41,99.46,101.74,740000.0,3.7,Utilities—Regulated Gas
ATVI,2022-10-21,72.93,73.17,72.43,72.71,4370800.0,0.8,Electronic Gaming & Multimedia
AVB,2022-10-21,172.46,174.99,170.15,174.89,663700.0,3.13,REIT—Residential
AVGO,2022-10-21,432.09,450.66,429.17,449.73,2677300.0,5.3,Semiconductors
AVY,2022-10-21,169.02,171.56,168.56,171.04,476200.0,2.72,Business Equipment & Supplies
AWK,2022-10-21,130.63,133.76,129.02,132.76,1292500.0,3.36,Utilities—Regulated Water
AXP,2022-10-21,140.99,141.32,132.21,140.04,11745300.0,2.36,Credit Services
AZO,2022-10-21,2250.33,2307.48,2250.33,2301.03,197900.0,2.03,Specialty Retail
BA,2022-10-21,138.48,141.33,136.62,141.32,5444900.0,6.14,Aerospace & Defense
BAC,2022-10-21,33.56,35.04,33.56,34.95,54836000.0,10.25,Banks—Diversified
BALL,2022-10-21,48.39,49.59,48.05,49.2,1836200.0,3.67,Packaging & Containers
BAX,2022-10-21,54.9,56.54,54.33,56.43,4516000.0,3.54,Medical Instruments & Supplies
BBWI,2022-10-21,32.57,33.88,32.26,33.71,3479400.0,3.28,Specialty Retail
BBY,2022-10-21,62.56,64.23,61.85,63.77,2328700.0,0.66,Specialty Retail
BDX,2022-10-21,222.87,224.4,220.59,223.6,1728800.0,-0.49,Medical Instruments & Supplies
BEN,2022-10-21,21.77,22.61,21.62,22.53,2554700.0,3.78,Asset Management
BIIB,2022-10-21,264.3,268.59,261.92,267.62,1575200.0,1.13,Drug Manufacturers—General
BIO,2022-10-21,377.06,379.65,370.34,378.21,224300.0,-4.18,Medical Devices
BK,2022-10-21,38.47,40.41,38.11,40.23,8365700.0,4.74,Asset Management
BKNG,2022-10-21,1772.03,1829.3,1760.02,1822.79,306900.0,9.12,Travel Services
BKR,2022-10-21,25.96,26.83,25.73,26.67,11805200.0,16.41,Oil & Gas Equipment & Services
BLK,2022-10-21,573.77,598.44,570.94,597.26,830800.0,8.41,Asset Management
BMY,2022-10-21,70.35,72.52,69.94,72.21,8217400.0,2.25,Drug Manufacturers—General
BR,2022-10-21,139.87,141.27,137.87,140.99,509700.0,1.36,Information Technology Services
BRO,2022-10-21,60.91,61.75,59.82,61.53,2300400.0,3.45,Insurance Brokers
BSX,2022-10-21,40.23,40.66,39.52,40.57,8690800.0,1.48,Medical Devices
BWA,2022-10-21,33.96,34.65,33.77,34.54,2350800.0,4.0,Auto Parts
BXP,2022-10-21,72.64,72.64,71.15,72.5,1454900.0,-0.93,REIT—Office
C,2022-10-21,42.94,44.32,42.68,44.26,18779200.0,2.38,Banks—Diversified
CAG,2022-10-21,34.37,34.79,34.22,34.69,2316100.0,1.17,Packaged Foods
CAH,2022-10-21,70.85,73.17,70.72,73.03,3086600.0,7.27,Medical Distribution
CARR,2022-10-21,34.2,35.35,33.96,35.19,4411100.0,1.79,Building Products & Equipment
CAT,2022-10-21,179.73,190.41,179.21,190.22,3483000.0,7.47,Farm & Heavy Construction Machinery
CB,2022-10-21,192.79,197.97,191.59,197.79,1529000.0,4.78,Insurance—Property & Casualty
CBOE,2022-10-21,120.21,120.35,118.54,119.87,481500.0,3.24,Financial Data & Stock Exchanges
CBRE,2022-10-21,67.27,69.35,66.89,69.31,1654600.0,2.62,Real Estate Services
CCI,2022-10-21,127.71,127.71,122.9,123.59,5311200.0,-3.18,REIT—Specialty
CCL,2022-10-21,7.93,8.22,7.79,8.2,57162800.0,15.01,Travel Services
CDAY,2022-10-21,55.71,57.93,54.58,57.91,1062000.0,11.69,Software—Application
CDNS,2022-10-21,152.1,158.86,150.69,158.34,2034400.0,7.39,Software—Application
CDW,2022-10-21,158.66,163.22,157.5,162.43,555800.0,5.42,Information Technology Services
CE,2022-10-21,92.22,95.16,92.02,94.64,795800.0,6.72,Chemicals
CEG,2022-10-21,84.7,87.46,83.66,87.28,1749200.0,7.41,Utilities—Renewable
CF,2022-10-21,104.81,107.76,102.2,107.37,2653400.0,9.52,Agricultural Inputs
CFG,2022-10-21,35.85,38.08,35.64,37.94,6970800.0,5.92,Banks—Regional
CHD,2022-10-21,71.85,73.34,71.21,73.19,1306200.0,0.95,Household & Personal Products
CHRW,2022-10-21,92.45,94.35,92.14,94.08,922500.0,-0.85,Integrated Freight & Logistics
CHTR,2022-10-21,327.28,330.76,322.67,330.4,1886900.0,2.19,Telecom Services
CI,2022-10-21,293.22,302.29,291.91,301.34,1881200.0,2.05,Healthcare Plans
CINF,2022-10-21,97.89,100.15,97.14,99.24,3051400.0,0.19,Insurance—Property & Casualty
CL,2022-10-21,70.48,71.77,70.25,71.47,5946500.0,0.86,Household & Personal Products
CLX,2022-10-21,134.0,136.29,133.26,136.25,798700.0,3.78,Household & Personal Products
CMA,2022-10-21,64.68,67.24,64.11,65.34,2905800.0,-9.39,Banks—Regional
CMCSA,2022-10-21,30.31,30.75,30.05,30.48,30815500.0,1.43,Telecom Services
CME,2022-10-21,170.4,170.4,166.58,169.99,3395300.0,-1.07,Financial Data & Stock Exchanges
CMG,2022-10-21,1536.03,1551.41,1508.64,1549.82,364200.0,2.75,Restaurants
CMI,2022-10-21,222.83,234.98,221.99,232.79,1873100.0,6.18,Specialty Industrial Machinery
CMS,2022-10-21,54.15,54.93,53.47,54.43,2418200.0,0.67,Utilities—Regulated Electric
CNC,2022-10-21,74.26,75.37,73.54,73.85,4537800.0,-0.61,Healthcare Plans
CNP,2022-10-21,26.71,27.15,26.51,27.01,4455700.0,4.37,Utilities—Regulated Electric
COF,2022-10-21,94.62,96.25,92.94,96.25,3593600.0,0.9,Credit Services
COO,2022-10-21,256.02,260.52,250.58,259.99,239400.0,4.55,Medical Instruments & Supplies
COP,2022-10-21,122.67,124.76,121.57,124.49,5883600.0,5.54,Oil & Gas E&P
COST,2022-10-21,463.71,479.57,462.28,478.18,2507700.0,5.18,Discount Stores
CPB,2022-10-21,50.01,50.54,49.73,50.25,1706900.0,-0.24,Packaged Foods
CPRT,2022-10-21,108.52,109.87,107.51,109.63,1285700.0,1.66,Auto & Truck Dealerships
CPT,2022-10-21,112.61,113.93,110.77,113.89,698800.0,2.9,REIT—Residential
CRL,2022-10-21,200.44,200.52,194.53,200.18,529500.0,1.5,Diagnostics & Research
CRM,2022-10-21,157.5,160.43,154.82,160.17,8332900.0,12.62,Software—Application
CSCO,2022-10-21,41.85,42.97,41.81,42.8,25033700.0,6.47,Communication Equipment
CSX,2022-10-21,27.74,28.48,26.96,27.54,29372400.0,0.84,Railroads
CTAS,2022-10-21,391.26,401.22,389.48,399.94,386400.0,4.87,Specialty Business Services
CTLT,2022-10-21,68.59,68.94,66.11,67.63,2774500.0,-6.21,Drug Manufacturers—Specialty & Generic
CTRA,2022-10-21,29.97,30.24,29.05,29.67,7452800.0,4.4,Oil & Gas E&P
CTSH,2022-10-21,59.11,60.48,58.83,60.28,7847000.0,2.87,Information Technology Services
CTVA,2022-10-21,61.96,63.03,61.38,62.88,2565800.0,7.07,Agricultural Inputs
CVS,2022-10-21,90.84,93.16,90.04,92.72,4919100.0,4.46,Healthcare Plans
CVX,2022-10-21,169.15,173.84,168.85,173.19,7969300.0,8.15,Oil & Gas Integrated
CZR,2022-10-21,37.08,39.8,36.52,39.61,5366000.0,12.11,Resorts & Casinos
D,2022-10-21,64.33,65.88,63.97,65.53,3607000.0,1.9,Utilities—Regulated Electric
DAL,2022-10-21,32.06,32.81,31.77,32.58,11166700.0,4.83,Airlines
DD,2022-10-21,53.77,55.7,53.62,55.58,2568400.0,6.68,Specialty Chemicals
DE,2022-10-21,364.56,383.63,363.07,383.06,1386800.0,7.26,Farm & Heavy Construction Machinery
DFS,2022-10-21,92.78,94.72,91.06,94.68,2397500.0,3.82,Credit Services
DG,2022-10-21,237.47,239.39,233.89,239.37,2028000.0,1.17,Discount Stores
DGX,2022-10-21,134.96,139.18,132.58,136.75,1486400.0,8.44,Diagnostics & Research
DHI,2022-10-21,66.94,69.92,66.33,69.75,4605800.0,1.6,Residential Construction
DHR,2022-10-21,242.79,244.98,234.82,244.59,6681200.0,-3.59,Diagnostics & Research
DIS,2022-10-21,98.35,102.3,97.89,102.04,10185000.0,8.04,Entertainment
DISH,2022-10-21,13.79,14.13,13.57,14.1,5185400.0,8.8,Telecom Services
DLR,2022-10-21,95.06,96.87,93.65,96.86,1763700.0,6.63,REIT—Office
DLTR,2022-10-21,139.12,143.74,138.37,143.61,2033300.0,5.53,Discount Stores
DOV,2022-10-21,119.25,125.54,119.25,124.85,1849800.0,4.41,Specialty Industrial Machinery
DOW,2022-10-21,45.02,46.92,44.95,46.87,7483300.0,3.88,Chemicals
DPZ,2022-10-21,320.42,322.74,314.12,321.56,754000.0,1.33,Restaurants
DRI,2022-10-21,132.2,133.8,131.33,133.32,1610100.0,2.54,Restaurants
DTE,2022-10-21,106.24,107.86,105.07,107.45,2774800.0,2.82,Utilities—Regulated Electric
DUK,2022-10-21,87.41,89.1,86.92,88.46,2788700.0,1.89,Utilities—Regulated Electric
DVA,2022-10-21,90.36,90.36,85.38,89.99,771200.0,0.67,Medical Care Facilities
DVN,2022-10-21,72.48,74.38,71.93,74.29,11190500.0,9.22,Oil & Gas E&P
DXC,2022-10-21,28.18,29.09,28.16,28.97,2559500.0,6.78,Information Technology Services
DXCM,2022-10-21,94.18,96.74,91.62,95.68,4012500.0,-1.78,Medical Devices
EA,2022-10-21,123.26,125.31,122.55,124.99,1605700.0,3.84,Electronic Gaming & Multimedia
EBAY,2022-10-21,37.41,38.45,37.08,38.41,4449300.0,3.59,Internet Retail
ECL,2022-10-21,142.0,145.98,141.27,145.91,2344400.0,4.57,Specialty Chemicals
ED,2022-10-21,83.77,85.41,82.71,84.87,2417700.0,3.61,Utilities—Regulated Electric
EFX,2022-10-21,147.27,152.71,145.98,152.02,2610500.0,-4.44,Consulting Services
EIX,2022-10-21,55.07,56.0,54.73,55.64,1365500.0,1.11,Utilities—Regulated Electric
EL,2022-10-21,201.1,203.19,196.96,201.8,2584300.0,-3.59,Household & Personal Products
ELV,2022-10-21,503.23,522.28,502.88,511.04,1581300.0,8.55,Healthcare Plans
EMBC,2022-10-21,28.98,30.06,28.89,29.92,739700.0,4.0,Drug Manufacturers—Specialty & Generic
EMN,2022-10-21,72.49,74.52,72.37,74.31,1140200.0,2.85,Specialty Chemicals
EMR,2022-10-21,80.51,83.36,80.31,83.16,3168200.0,6.32,Specialty Industrial Machinery
ENPH,2022-10-21,243.2,254.19,237.57,252.0,4685500.0,5.94,Solar
EOG,2022-10-21,132.5,135.87,131.62,135.0,4237200.0,11.97,Oil & Gas E&P
EPAM,2022-10-21,331.46,336.15,324.86,331.39,502300.0,1.36,Information Technology Services
EQIX,2022-10-21,524.53,534.62,518.57,534.6,528800.0,5.78,REIT—Specialty
EQR,2022-10-21,63.56,64.51,62.82,64.21,1266600.0,3.85,REIT—Residential
ES,2022-10-21,71.88,73.04,71.33,72.59,1531100.0,0.04,Utilities—Regulated Electric
ESS,2022-10-21,227.47,230.77,223.9,227.78,515300.0,2.32,REIT—Residential
ETN,2022-10-21,135.69,139.56,134.81,139.33,2346200.0,3.74,Specialty Industrial Machinery
ETR,2022-10-21,100.3,102.93,99.37,102.29,903600.0,2.28,Utilities—Regulated Electric
ETSY,2022-10-21,96.58,101.17,94.4,100.91,2844200.0,9.15,Internet Retail
EVRG,2022-10-21,57.37,58.57,56.99,58.16,861300.0,3.36,Utilities—Regulated Electric
EW,2022-10-21,83.82,85.08,82.14,84.81,4236900.0,2.9,Medical Devices
EXC,2022-10-21,35.74,36.99,35.45,36.72,11674800.0,0.36,Utilities—Regulated Electric
EXPD,2022-10-21,90.21,93.27,89.72,92.95,3899100.0,3.31,Integrated Freight & Logistics
EXPE,2022-10-21,92.27,97.76,91.36,97.27,3661600.0,7.75,Travel Services
EXR,2022-10-21,165.99,166.02,162.64,165.96,699200.0,3.2,REIT—Industrial
F,2022-10-21,11.74,12.25,11.68,12.19,55083300.0,4.46,Auto Manufacturers
FANG,2022-10-21,147.12,152.42,146.55,152.32,2485900.0,9.3,Oil & Gas E&P
FAST,2022-10-21,45.32,46.17,45.1,46.09,4980800.0,5.06,Industrial Distribution
FBHS,2022-10-21,53.71,55.14,52.95,55.12,3409500.0,-0.67,Building Products & Equipment
FCX,2022-10-21,29.14,32.13,28.79,32.03,27250400.0,15.88,Copper
FDS,2022-10-21,400.1,407.5,396.11,407.09,163000.0,3.17,Financial Data & Stock Exchanges
FDX,2022-10-21,150.19,153.86,149.64,153.23,6074400.0,-2.38,Integrated Freight & Logistics
FE,2022-10-21,36.05,36.64,35.77,36.41,5001800.0,0.66,Utilities—Regulated Electric
FFIV,2022-10-21,144.07,148.13,142.99,147.62,545600.0,5.11,Software—Infrastructure
FIS,2022-10-21,76.24,78.1,74.82,77.83,4712000.0,2.22,Information Technology Services
FISV,2022-10-21,94.55,96.89,93.93,96.74,5468100.0,2.76,Information Technology Services
FITB,2022-10-21,31.13,33.03,30.92,33.02,8258000.0,-2.77,Banks—Regional
FLT,2022-10-21,163.76,170.88,161.69,170.47,1043300.0,1.92,Software—Infrastructure
FMC,2022-10-21,115.21,117.53,113.95,117.2,1179300.0,5.74,Agricultural Inputs
FOX,2022-10-21,27.28,27.9,27.19,27.61,929000.0,-5.32,Entertainment
FOXA,2022-10-21,29.02,29.74,28.98,29.43,2952300.0,-6.72,Entertainment
FRC,2022-10-21,111.27,112.54,109.38,112.35,2748800.0,-0.21,Banks—Regional
FRT,2022-10-21,90.62,92.27,89.71,92.27,424700.0,3.48,REIT—Retail
FTNT,2022-10-21,51.72,53.87,50.94,53.75,5511100.0,11.68,Software—Infrastructure
FTV,2022-10-21,59.77,61.53,59.3,61.45,1203500.0,4.38,Scientific & Technical Instruments
GD,2022-10-21,236.85,243.63,236.33,242.6,1365900.0,9.69,Aerospace & Defense
GE,2022-10-21,70.0,72.9,69.75,72.82,6447700.0,7.77,Specialty Industrial Machinery
GILD,2022-10-21,66.18,67.94,66.11,67.79,7814600.0,2.45,Drug Manufacturers—General
GIS,2022-10-21,76.6,77.64,76.34,77.04,2907100.0,-0.86,Packaged Foods
GL,2022-10-21,110.24,113.58,110.08,113.5,581100.0,4.09,Insurance—Life
GLW,2022-10-21,30.97,32.3,30.82,32.19,14456600.0,6.59,Electronic Components
GM,2022-10-21,33.5,35.01,33.32,35.0,14092500.0,6.42,Auto Manufacturers
GNRC,2022-10-21,109.85,111.46,105.95,109.48,3660200.0,-20.05,Specialty Industrial Machinery
GOOG,2022-10-21,98.46,101.62,98.23,101.48,28976000.0,4.42,Internet Content & Information
GOOGL,2022-10-21,97.85,101.31,97.72,101.13,32424700.0,4.73,Internet Content & Information
GPC,2022-10-21,158.75,162.36,157.62,162.35,998600.0,5.09,Specialty Retail
GPN,2022-10-21,112.46,114.6,110.83,114.25,1619900.0,3.81,Specialty Business Services
GRMN,2022-10-21,80.58,83.04,80.04,82.77,3346100.0,4.19,Scientific & Technical Instruments
GS,2022-10-21,311.0,325.77,309.49,325.1,3544600.0,8.37,Capital Markets
GWW,2022-10-21,511.94,522.08,508.21,519.68,263300.0,3.69,Industrial Distribution
HAL,2022-10-21,31.98,34.15,31.92,33.88,17532400.0,15.2,Oil & Gas Equipment & Services
HAS,2022-10-21,63.85,65.63,63.49,65.49,1626700.0,-1.67,Leisure
HBAN,2022-10-21,13.51,14.51,13.51,14.45,41218900.0,5.71,Banks—Regional
HCA,2022-10-21,183.58,198.08,178.32,196.66,6288100.0,-2.39,Medical Care Facilities
HD,2022-10-21,268.34,275.71,268.0,275.53,3428400.0,-0.33,Home Improvement Retail
HES,2022-10-21,130.42,135.72,130.06,135.58,2251200.0,10.6,Oil & Gas E&P
HIG,2022-10-21,65.85,67.2,65.59,67.19,1856800.0,3.77,Insurance—Diversified
HII,2022-10-21,243.59,251.18,242.05,249.89,436900.0,11.97,Aerospace & Defense
HLT,2022-10-21,126.59,132.12,126.13,131.23,2223100.0,7.06,Lodging
HOLX,2022-10-21,61.61,62.71,60.68,62.51,2096300.0,-0.06,Medical Instruments & Supplies
HON,2022-10-21,176.99,183.31,176.52,182.81,2958800.0,4.97,Conglomerates
HPE,2022-10-21,12.86,13.49,12.81,13.47,20455500.0,6.99,Communication Equipment
HPQ,2022-10-21,25.72,26.84,25.57,26.79,7894300.0,5.31,Computer Hardware
HRL,2022-10-21,44.87,45.3,44.6,44.97,1610400.0,0.18,Packaged Foods
HSIC,2022-10-21,67.19,70.46,66.97,70.24,1129100.0,5.01,Medical Distribution
HST,2022-10-21,17.29,17.92,17.21,17.84,8523300.0,6.13,REIT—Hotel & Motel
HSY,2022-10-21,224.64,228.45,223.52,228.22,705200.0,2.47,Confectioners
HUM,2022-10-21,504.32,513.42,503.38,510.54,1479100.0,2.11,Healthcare Plans
HWM,2022-10-21,34.0,35.42,33.99,35.37,3365900.0,9.54,Specialty Industrial Machinery
IBM,2022-10-21,128.39,130.85,127.59,129.9,7200400.0,8.21,Information Technology Services
ICE,2022-10-21,90.31,93.14,89.49,93.05,4953900.0,3.22,Financial Data & Stock Exchanges
IDXX,2022-10-21,331.13,338.46,320.81,337.65,440800.0,4.01,Diagnostics & Research
IEX,2022-10-21,200.61,204.45,198.93,203.95,556500.0,3.47,Specialty Industrial Machinery
IFF,2022-10-21,90.81,94.3,90.34,94.07,1898700.0,7.25,Specialty Chemicals
ILMN,2022-10-21,209.46,220.79,206.78,220.01,1994900.0,10.38,Diagnostics & Research
INCY,2022-10-21,68.98,70.97,68.15,70.58,4874800.0,2.14,Biotechnology
INTC,2022-10-21,25.85,27.05,25.79,26.97,53035100.0,4.09,Semiconductors
INTU,2022-10-21,404.02,418.61,395.82,417.18,1488500.0,9.75,Software—Application
IP,2022-10-21,31.94,33.08,31.9,33.08,3471400.0,1.41,Packaging & Containers
IPG,2022-10-21,27.59,28.37,26.75,28.24,6136700.0,2.8,Advertising Agencies
IQV,2022-10-21,173.81,178.36,171.24,178.15,1409800.0,2.73,Diagnostics & Research
IR,2022-10-21,45.47,46.83,45.14,46.79,3317600.0,3.72,Specialty Industrial Machinery
IRM,2022-10-21,46.43,47.34,45.72,47.07,1164600.0,6.64,REIT—Specialty
ISRG,2022-10-21,210.5,219.04,206.77,218.49,3142500.0,19.35,Medical Instruments & Supplies
IT,2022-10-21,279.19,290.17,277.08,289.75,468500.0,4.1,Information Technology Services
ITW,2022-10-21,189.51,196.99,188.86,195.62,3526100.0,5.12,Specialty Industrial Machinery
IVZ,2022-10-21,14.42,14.91,14.3,14.89,6466700.0,4.27,Asset Management
J,2022-10-21,112.74,115.44,112.18,115.02,651300.0,4.47,Engineering & Construction
JBHT,2022-10-21,160.53,165.44,159.96,165.32,851600.0,1.3,Integrated Freight & Logistics
JCI,2022-10-21,51.53,53.19,51.33,53.04,4820800.0,4.33,Building Products & Equipment
JKHY,2022-10-21,185.27,187.77,184.45,187.32,321100.0,2.12,Information Technology Services
JNJ,2022-10-21,164.71,169.37,164.43,168.71,8486900.0,2.58,Drug Manufacturers—General
JNPR,2022-10-21,28.64,28.88,27.96,28.76,5677400.0,11.43,Communication Equipment
JPM,2022-10-21,116.46,122.39,116.33,122.23,20589300.0,9.93,Banks—Diversified
K,2022-10-21,71.8,72.86,71.46,72.24,1308600.0,0.36,Packaged Foods
KDP,2022-10-21,37.28,37.7,37.0,37.62,5928700.0,0.78,Beverages—Non-Alcoholic
KEY,2022-10-21,15.95,16.92,15.75,16.9,21911300.0,2.55,Banks—Regional
KEYS,2022-10-21,161.31,169.63,160.87,168.96,1104600.0,9.54,Scientific & Technical Instruments
KHC,2022-10-21,35.13,35.49,34.89,35.21,10239000.0,-1.46,Packaged Foods
KIM,2022-10-21,19.2,19.69,19.12,19.69,5308100.0,3.85,REIT—Retail
KLAC,2022-10-21,277.42,291.53,275.12,290.63,2067700.0,10.21,Semiconductor Equipment & Materials
KMB,2022-10-21,112.61,114.17,111.85,113.96,1678200.0,0.66,Household & Personal Products
KMI,2022-10-21,17.25,17.56,17.11,17.52,19629300.0,1.92,Oil & Gas Midstream
KMX,2022-10-21,56.62,56.84,55.02,55.69,3294300.0,-7.49,Auto & Truck Dealerships
KO,2022-10-21,55.0,56.11,54.99,55.96,15028000.0,1.78,Beverages—Non-Alcoholic
KR,2022-10-21,42.34,43.97,42.15,43.63,7102700.0,1.09,Grocery Stores
L,2022-10-21,53.89,55.55,53.64,55.5,874300.0,4.72,Insurance—Property & Casualty
LDOS,2022-10-21,93.52,95.71,92.57,95.39,541400.0,7.53,Information Technology Services
LEN,2022-10-21,70.13,73.59,69.9,73.43,2751900.0,-0.04,Residential Construction
LH,2022-10-21,210.56,213.47,206.66,211.71,1943700.0,1.46,Diagnostics & Research
LHX,2022-10-21,240.0,248.74,239.7,247.2,1711700.0,13.13,Aerospace & Defense
LIN,2022-10-21,280.46,288.73,279.54,288.32,1610500.0,4.71,Specialty Chemicals
LKQ,2022-10-21,50.15,51.54,50.01,51.49,1166700.0,3.81,Auto Parts
LLY,2022-10-21,329.07,342.43,326.77,340.77,3272900.0,2.83,Drug Manufacturers—General
LMT,2022-10-21,443.72,454.69,440.15,454.61,1619900.0,16.74,Aerospace & Defense
LNC,2022-10-21,47.91,50.47,47.56,50.38,1465000.0,5.8,Insurance—Life
LNT,2022-10-21,48.99,50.13,48.53,49.76,2324200.0,1.7,Utilities—Regulated Electric
LOW,2022-10-21,178.14,182.67,176.5,182.37,3568000.0,-2.96,Home Improvement Retail
LRCX,2022-10-21,354.97,372.86,354.97,369.29,2765600.0,17.25,Semiconductor Equipment & Materials
LUMN,2022-10-21,6.67,6.89,6.58,6.66,18451600.0,-0.89,Telecom Services
LUV,2022-10-21,32.65,33.42,32.38,33.1,5444800.0,1.04,Airlines
LVS,2022-10-21,37.93,39.28,37.52,39.07,7302800.0,10.93,Resorts & Casinos
LW,2022-10-21,82.98,83.21,80.66,81.72,1480700.0,-2.7,Packaged Foods
LYB,2022-10-21,79.4,82.39,79.24,82.16,2282800.0,5.6,Specialty Chemicals
LYV,2022-10-21,78.72,80.27,77.79,79.53,1309200.0,4.95,Entertainment
MA,2022-10-21,294.51,302.71,293.5,302.37,3599200.0,4.74,Credit Services
MAA,2022-10-21,147.65,149.73,145.83,149.53,1423700.0,5.05,REIT—Residential
MAR,2022-10-21,146.71,154.01,146.5,153.49,2339400.0,6.94,Lodging
MAS,2022-10-21,44.67,46.49,44.57,46.39,1884200.0,-1.07,Building Products & Equipment
MCD,2022-10-21,250.21,255.36,249.5,254.55,3253600.0,4.68,Restaurants
MCHP,2022-10-21,59.25,62.03,58.84,61.85,5010000.0,7.92,Semiconductors
MCK,2022-10-21,357.99,372.19,356.52,370.64,1032900.0,5.1,Medical Distribution
MCO,2022-10-21,236.77,242.54,233.22,242.03,990300.0,2.88,Financial Data & Stock Exchanges
MDLZ,2022-10-21,56.58,57.43,56.38,57.35,9719900.0,0.72,Confectioners
MDT,2022-10-21,82.25,83.53,80.99,83.26,5974000.0,2.02,Medical Devices
MET,2022-10-21,66.3,68.18,66.02,68.06,5274400.0,4.51,Insurance—Life
META,2022-10-21,126.31,130.12,125.44,130.01,46195500.0,2.56,Internet Content & Information
MGM,2022-10-21,32.51,33.99,32.31,33.92,6250500.0,10.7,Resorts & Casinos
MHK,2022-10-21,92.5,96.65,92.03,95.37,1013000.0,-0.91,"Furnishings, Fixtures & Appliances"
MKC,2022-10-21,72.58,73.92,72.07,73.84,1114600.0,0.41,Packaged Foods
MKTX,2022-10-21,231.4,243.5,230.69,243.02,374000.0,5.77,Capital Markets
MLM,2022-10-21,304.45,315.65,303.4,315.31,373300.0,5.51,Building Materials
MMC,2022-10-21,153.03,155.2,150.78,154.93,2071400.0,1.99,Insurance Brokers
MMM,2022-10-21,113.15,116.94,113.05,116.81,3342000.0,2.8,Conglomerates
MNST,2022-10-21,86.48,87.85,85.61,87.59,3319400.0,0.22,Beverages—Non-Alcoholic
MO,2022-10-21,43.5,44.53,43.39,44.48,7465800.0,-1.66,Tobacco
MOH,2022-10-21,353.15,362.24,352.09,360.38,1068900.0,2.42,Healthcare Plans
MOS,2022-10-21,51.0,53.13,50.19,53.1,4035200.0,13.32,Agricultural Inputs
MPC,2022-10-21,109.82,111.62,107.73,111.38,3073800.0,6.99,Oil & Gas Refining & Marketing
MPWR,2022-10-21,315.18,334.08,313.78,332.83,797900.0,7.64,Semiconductors
MRK,2022-10-21,92.84,95.96,92.64,95.67,10293900.0,3.79,Drug Manufacturers—General
MRNA,2022-10-21,123.77,130.3,122.03,128.32,8120400.0,-4.24,Biotechnology
MRO,2022-10-21,28.5,29.16,28.32,29.15,12496400.0,7.76,Oil & Gas E&P
MS,2022-10-21,76.61,79.53,76.22,79.22,8147700.0,5.21,Capital Markets
MSCI,2022-10-21,394.69,402.27,388.12,401.48,774000.0,3.28,Financial Data & Stock Exchanges
MSFT,2022-10-21,234.74,243.0,234.5,242.12,26280900.0,5.93,Software—Infrastructure
MSI,2022-10-21,221.32,227.08,219.43,226.38,728800.0,6.14,Communication Equipment
MTB,2022-10-21,161.19,165.15,159.4,161.77,2110100.0,-12.82,Banks—Regional
MTCH,2022-10-21,41.89,43.09,40.23,43.0,5131600.0,3.71,Internet Content & Information
MTD,2022-10-21,1149.6,1176.87,1136.29,1174.38,93000.0,5.13,Diagnostics & Research
MU,2022-10-21,53.49,56.28,53.34,56.05,20185400.0,6.32,Semiconductors
NCLH,2022-10-21,14.16,14.96,13.95,14.93,20315900.0,14.58,Travel Services
NDAQ,2022-10-21,56.86,57.85,56.02,57.74,2378100.0,5.46,Financial Data & Stock Exchanges
NDSN,2022-10-21,212.69,217.09,211.44,216.53,200200.0,2.88,Specialty Industrial Machinery
NEE,2022-10-21,71.08,73.0,70.3,71.65,11160900.0,-0.17,Utilities—Regulated Electric
NEM,2022-10-21,41.39,42.57,41.16,42.37,10170100.0,4.0,Gold
NFLX,2022-10-21,268.95,290.75,265.68,289.57,24862700.0,25.9,Entertainment
NI,2022-10-21,24.27,24.66,24.08,24.49,6783100.0,0.0,Utilities—Regulated Gas
NKE,2022-10-21,87.02,88.78,86.71,88.5,7973800.0,1.09,Footwear & Accessories
NLOK,2022-10-21,21.51,21.87,21.38,21.8,3633700.0,4.91,Software—Infrastructure
NOC,2022-10-21,512.56,525.35,509.5,522.66,1053700.0,12.6,Aerospace & Defense
NOW,2022-10-21,353.31,361.64,347.29,360.67,1450900.0,5.53,Software—Application
NRG,2022-10-21,41.13,42.56,40.73,42.36,2753300.0,3.22,Utilities—Independent Power Producers
NSC,2022-10-21,205.79,210.76,204.64,208.04,5178900.0,-2.55,Railroads
NTAP,2022-10-21,62.61,65.82,62.25,65.6,1703100.0,5.11,Computer Hardware
NTRS,2022-10-21,76.79,79.83,76.15,79.67,1592300.0,-5.22,Asset Management
NUE,2022-10-21,125.33,135.56,125.28,135.56,3678300.0,14.19,Steel
NVDA,2022-10-21,120.98,124.98,118.87,124.66,60893800.0,11.04,Semiconductors
NVR,2022-10-21,4018.0,4089.51,3965.0,4046.65,19000.0,2.56,Residential Construction
NWL,2022-10-21,14.68,15.11,14.58,15.02,2716100.0,2.6,Household & Personal Products
NWS,2022-10-21,16.91,17.34,16.74,17.34,891600.0,8.65,Entertainment
NWSA,2022-10-21,16.66,17.22,16.51,17.2,4028400.0,10.26,Entertainment
NXPI,2022-10-21,138.71,145.59,137.51,145.25,2496400.0,5.19,Semiconductors
O,2022-10-21,57.39,57.79,56.68,57.63,3781000.0,3.76,REIT—Retail
ODFL,2022-10-21,257.49,260.78,253.27,260.43,1210700.0,0.34,Trucking
OGN,2022-10-21,23.63,23.81,23.14,23.68,2775900.0,1.59,Drug Manufacturers—General
OKE,2022-10-21,55.43,56.73,54.75,56.6,2343400.0,4.68,Oil & Gas Midstream
OMC,2022-10-21,68.01,70.27,67.84,70.18,2179000.0,5.26,Advertising Agencies
ON,2022-10-21,61.4,65.89,60.91,65.68,8201400.0,13.69,Semiconductors
ORCL,2022-10-21,71.03,72.79,70.31,72.7,15651900.0,13.05,Software—Infrastructure
ORLY,2022-10-21,731.03,744.74,729.59,744.07,418300.0,1.66,Specialty Retail
OTIS,2022-10-21,65.03,66.94,64.3,66.79,2351000.0,4.16,Specialty Industrial Machinery
OXY,2022-10-21,69.83,71.66,69.16,71.26,16690500.0,6.87,Oil & Gas E&P
PARA,2022-10-21,19.08,19.38,18.8,19.22,9716400.0,2.4,Entertainment
PAYC,2022-10-21,318.13,324.01,310.06,323.01,298900.0,8.13,Software—Application
PAYX,2022-10-21,110.88,112.54,109.69,112.16,1264000.0,2.72,Staffing & Employment Services
PCAR,2022-10-21,87.8,90.64,87.7,90.17,2092500.0,2.15,Farm & Heavy Construction Machinery
PEAK,2022-10-21,22.5,22.56,22.05,22.44,5016300.0,0.76,REIT—Healthcare Facilities
PEG,2022-10-21,54.04,54.82,53.29,54.3,5527500.0,0.91,Utilities—Regulated Electric
PEP,2022-10-21,171.2,173.69,170.58,173.06,5071500.0,1.69,Beverages—Non-Alcoholic
PFE,2022-10-21,43.31,45.16,42.99,44.95,36572600.0,4.88,Drug Manufacturers—General
PFG,2022-10-21,77.45,79.09,76.55,78.84,6279400.0,2.91,Insurance—Diversified
PG,2022-10-21,126.54,128.95,126.48,128.58,6393900.0,3.53,Household & Personal Products
PGR,2022-10-21,119.59,122.5,118.67,122.45,2985100.0,5.66,Insurance—Property & Casualty
PH,2022-10-21,261.02,271.26,258.89,269.39,1914000.0,5.96,Specialty Industrial Machinery
PHM,2022-10-21,36.11,37.61,35.99,37.49,2764000.0,-0.24,Residential Construction
PKG,2022-10-21,113.25,117.21,112.97,116.94,617400.0,2.84,Packaging & Containers
PKI,2022-10-21,126.9,130.58,124.37,130.55,564900.0,8.74,Diagnostics & Research
PLD,2022-10-21,102.49,103.47,100.64,103.08,3971600.0,3.57,REIT—Industrial
PM,2022-10-21,85.15,87.01,84.44,86.51,6780800.0,1.47,Tobacco
PNC,2022-10-21,147.49,156.67,146.89,156.37,2624600.0,4.46,Banks—Regional
PNR,2022-10-21,39.2,39.81,38.55,39.62,2940500.0,-2.48,Specialty Industrial Machinery
PNW,2022-10-21,63.24,64.56,62.58,64.18,1083200.0,3.87,Utilities—Regulated Electric
POOL,2022-10-21,285.17,286.74,278.1,284.83,826700.0,-7.23,Industrial Distribution
PPG,2022-10-21,109.6,113.5,108.75,112.59,2163400.0,2.05,Specialty Chemicals
PPL,2022-10-21,25.15,25.77,24.95,25.69,6585100.0,4.86,Utilities—Regulated Electric
PRU,2022-10-21,95.52,98.44,95.0,98.29,1850500.0,3.82,Insurance—Life
PSA,2022-10-21,292.76,294.04,287.52,292.68,1558100.0,3.86,REIT—Industrial
PSX,2022-10-21,98.26,100.68,97.76,100.44,3259700.0,6.74,Oil & Gas Refining & Marketing
PTC,2022-10-21,108.73,112.59,106.8,112.39,587100.0,6.46,Software—Application
PWR,2022-10-21,131.02,134.04,130.6,133.41,775500.0,8.1,Engineering & Construction
PXD,2022-10-21,256.24,264.75,255.03,264.35,2528800.0,10.2,Oil & Gas E&P
PYPL,2022-10-21,83.62,85.13,82.35,83.94,14411400.0,4.31,Credit Services
QCOM,2022-10-21,111.75,115.99,111.02,115.74,7488100.0,5.27,Semiconductors
QRVO,2022-10-21,82.03,85.64,81.28,85.49,1036200.0,7.35,Semiconductors
RCL,2022-10-21,47.16,49.35,46.5,49.2,5789400.0,10.29,Travel Services
RE,2022-10-21,271.16,282.4,270.34,279.88,399000.0,3.54,Insurance—Reinsurance
REG,2022-10-21,54.2,55.84,53.8,55.67,2520500.0,4.25,REIT—Retail
REGN,2022-10-21,705.89,718.18,697.48,713.91,1224100.0,-3.01,Biotechnology
RF,2022-10-21,19.85,20.69,19.1,19.52,24905200.0,-5.61,Banks—Regional
RHI,2022-10-21,65.4,73.36,65.4,73.01,5676400.0,-9.86,Staffing & Employment Services
RJF,2022-10-21,97.81,101.05,97.24,100.99,4017900.0,0.4,Capital Markets
RL,2022-10-21,89.49,91.48,88.68,90.71,1223400.0,-1.98,Apparel Manufacturing
RMD,2022-10-21,217.94,223.46,213.5,222.28,506800.0,4.97,Medical Instruments & Supplies
ROK,2022-10-21,225.2,232.49,221.83,231.87,1030300.0,3.57,Specialty Industrial Machinery
ROL,2022-10-21,36.03,36.54,35.66,36.43,1169600.0,4.03,Personal Services
ROP,2022-10-21,367.0,372.58,365.11,370.73,744400.0,2.08,Specialty Industrial Machinery
ROST,2022-10-21,82.4,85.34,82.14,85.07,2194000.0,4.44,Apparel Retail
RSG,2022-10-21,131.95,133.82,130.81,133.54,1114100.0,4.78,Waste Management
RTX,2022-10-21,87.26,88.9,86.47,88.54,5411300.0,7.2,Aerospace & Defense
SBAC,2022-10-21,249.61,249.61,240.6,248.2,909800.0,2.52,REIT—Specialty
SBNY,2022-10-21,142.54,143.93,135.1,142.31,1354700.0,-1.86,Banks—Regional
SBUX,2022-10-21,87.0,88.97,86.56,88.61,9087000.0,2.59,Restaurants
SCHW,2022-10-21,68.26,70.35,67.77,70.32,6620700.0,1.94,Capital Markets
SEDG,2022-10-21,197.33,203.35,194.0,202.66,1677300.0,4.79,Solar
SEE,2022-10-21,46.2,47.21,45.79,46.86,1369500.0,2.2,Packaging & Containers
SHW,2022-10-21,199.51,207.93,199.01,207.82,2082300.0,3.03,Specialty Chemicals
SIVB,2022-10-21,255.0,261.51,228.52,230.03,5615600.0,-27.61,Banks—Regional
SJM,2022-10-21,140.95,143.31,140.53,142.81,621300.0,1.26,Packaged Foods
SLB,2022-10-21,46.97,50.54,46.79,50.41,35334500.0,19.57,Oil & Gas Equipment & Services
SNA,2022-10-21,204.97,208.4,201.8,207.75,517800.0,-0.88,Tools & Accessories
SNPS,2022-10-21,288.8,298.58,285.18,296.5,1290700.0,6.8,Software—Infrastructure
SO,2022-10-21,63.56,64.8,63.36,64.5,5225600.0,1.56,Utilities—Regulated Electric
SPG,2022-10-21,98.12,101.07,97.28,101.04,2364600.0,5.4,REIT—Retail
SPGI,2022-10-21,291.83,296.36,287.31,295.94,1740800.0,3.25,Financial Data & Stock Exchanges
SRE,2022-10-21,140.66,143.55,139.46,142.28,1353600.0,0.55,Utilities—Diversified
STE,2022-10-21,165.6,167.82,163.37,167.22,389900.0,0.83,Medical Devices
STT,2022-10-21,64.89,69.31,64.48,69.12,3294800.0,13.11,Asset Management
STX,2022-10-21,52.97,55.77,52.82,55.71,3434400.0,7.94,Computer Hardware
STZ,2022-10-21,222.0,225.41,221.2,225.15,723700.0,1.42,Beverages—Wineries & Distilleries
SWK,2022-10-21,72.54,74.12,71.6,73.95,1867900.0,-3.37,Tools & Accessories
SWKS,2022-10-21,81.07,84.59,80.87,84.14,1651600.0,4.34,Semiconductors
SYF,2022-10-21,31.51,32.44,31.03,32.41,6706600.0,3.15,Credit Services
SYK,2022-10-21,213.7,218.6,210.31,218.31,1562800.0,4.39,Medical Devices
SYY,2022-10-21,77.45,80.28,76.93,80.05,2481800.0,8.56,Food Distribution
T,2022-10-21,16.83,17.4,16.77,17.1,81032300.0,14.08,Telecom Services
TAP,2022-10-21,48.42,49.34,48.2,49.16,954300.0,0.74,Beverages—Brewers
TDG,2022-10-21,528.8,539.56,521.43,537.88,293600.0,4.59,Aerospace & Defense
TDY,2022-10-21,341.65,352.0,340.82,350.48,468600.0,5.85,Scientific & Technical Instruments
TECH,2022-10-21,282.92,284.56,276.39,283.29,318600.0,0.15,Biotechnology
TEL,2022-10-21,110.71,115.19,110.41,114.89,1151500.0,6.85,Electronic Components
TER,2022-10-21,74.18,77.44,73.73,77.27,2158500.0,8.27,Semiconductor Equipment & Materials
TFC,2022-10-21,40.33,41.66,40.01,41.51,11680200.0,-3.47,Banks—Regional
TFX,2022-10-21,193.11,199.47,190.02,197.67,463100.0,1.02,Medical Instruments & Supplies
TGT,2022-10-21,154.54,159.26,154.3,159.19,3507200.0,9.27,Discount Stores
TJX,2022-10-21,65.31,68.06,65.27,67.61,5865200.0,6.39,Apparel Retail
TMO,2022-10-21,486.16,496.94,478.31,496.74,2835800.0,-1.25,Diagnostics & Research
TMUS,2022-10-21,135.03,136.68,134.88,136.46,4198600.0,3.76,Telecom Services
TPR,2022-10-21,30.48,31.4,30.18,31.27,2458500.0,3.3,Luxury Goods
TRMB,2022-10-21,53.88,55.98,53.38,55.88,832300.0,6.85,Scientific & Technical Instruments
TROW,2022-10-21,99.87,103.13,99.43,102.52,2029300.0,4.28,Asset Management
TRV,2022-10-21,171.7,176.38,171.1,176.23,1471700.0,7.92,Insurance—Property & Casualty
TSCO,2022-10-21,188.02,199.46,187.55,197.37,1760900.0,-0.66,Specialty Retail
TSLA,2022-10-21,206.42,214.66,203.8,214.44,75529300.0,4.61,Auto Manufacturers
TSN,2022-10-21,64.46,65.29,64.16,65.12,2308200.0,0.43,Farm Products
TT,2022-10-21,140.82,145.79,139.6,144.86,1780100.0,2.01,Building Products & Equipment
TTWO,2022-10-21,122.86,125.81,121.74,125.55,1005500.0,6.56,Electronic Gaming & Multimedia
TWTR,2022-10-21,50.0,50.75,49.55,49.89,51158100.0,-1.11,Internet Content & Information
TXN,2022-10-21,155.41,160.03,153.94,159.72,7706200.0,7.67,Semiconductors
TXT,2022-10-21,60.95,63.11,60.54,62.94,1596300.0,5.18,Aerospace & Defense
TYL,2022-10-21,333.31,336.44,328.79,335.95,227900.0,6.37,Software—Application
UAL,2022-10-21,38.95,40.97,38.6,40.44,13223000.0,14.01,Airlines
UDR,2022-10-21,38.99,39.42,38.44,39.2,2383000.0,4.12,REIT—Residential
UHS,2022-10-21,87.23,90.21,82.5,90.0,1726100.0,-1.68,Medical Care Facilities
ULTA,2022-10-21,382.64,385.96,374.09,382.81,805900.0,-2.9,Specialty Retail
UNH,2022-10-21,518.06,536.53,518.01,533.73,2896000.0,4.01,Healthcare Plans
UNP,2022-10-21,185.45,191.18,183.7,190.53,6710400.0,-1.68,Railroads
UPS,2022-10-21,161.63,166.04,161.03,165.55,3147900.0,2.39,Integrated Freight & Logistics
URI,2022-10-21,274.33,285.88,271.05,284.68,661900.0,2.77,Rental & Leasing Services
USB,2022-10-21,39.86,40.7,39.57,40.51,12850900.0,-5.26,Banks—Regional
V,2022-10-21,185.8,190.95,185.05,190.37,7572400.0,4.24,Credit Services
VFC,2022-10-21,27.55,27.9,27.03,27.69,7670500.0,-4.35,Apparel Manufacturing
VICI,2022-10-21,29.7,30.08,29.29,30.05,5383800.0,1.35,REIT—Diversified
VLO,2022-10-21,125.16,128.3,124.11,127.74,3400200.0,11.93,Oil & Gas Refining & Marketing
VMC,2022-10-21,149.24,155.88,148.51,155.43,832000.0,4.71,Building Materials
VNO,2022-10-21,21.97,22.46,21.62,22.39,3176300.0,2.1,REIT—Office
VRSK,2022-10-21,165.38,167.75,163.79,166.99,852800.0,0.09,Consulting Services
VRSN,2022-10-21,177.06,179.67,174.41,179.15,820200.0,2.91,Software—Infrastructure
VRTX,2022-10-21,289.69,300.14,287.96,300.0,1467100.0,2.32,Biotechnology
VTR,2022-10-21,37.37,37.6,36.56,37.13,2389200.0,3.02,REIT—Healthcare Facilities
VTRS,2022-10-21,9.28,9.44,9.14,9.38,5950500.0,-1.78,Drug Manufacturers—Specialty & Generic
VZ,2022-10-21,35.52,35.7,34.55,35.35,51645900.0,-2.83,Telecom Services
WAB,2022-10-21,84.47,86.62,83.93,86.57,1023500.0,2.95,Railroads
WAT,2022-10-21,275.14,282.41,272.14,282.12,357200.0,3.65,Diagnostics & Research
WBA,2022-10-21,33.4,34.54,33.21,34.3,9876000.0,3.19,Pharmaceutical Retailers
WBD,2022-10-21,12.87,13.5,12.84,13.49,21426700.0,8.53,Entertainment
WDC,2022-10-21,33.32,34.89,33.09,34.86,6230300.0,3.38,Computer Hardware
WEC,2022-10-21,85.95,87.33,85.25,86.65,1215800.0,2.79,Utilities—Regulated Electric
WELL,2022-10-21,58.9,59.07,57.21,57.88,5553000.0,0.07,REIT—Healthcare Facilities
WFC,2022-10-21,43.64,44.88,43.57,44.83,18626100.0,3.85,Banks—Diversified
WHR,2022-10-21,125.72,134.35,124.43,131.22,4107100.0,-5.74,"Furnishings, Fixtures & Appliances"
WM,2022-10-21,158.57,160.68,157.25,159.83,1486200.0,3.3,Waste Management
WMB,2022-10-21,30.97,31.76,30.69,31.52,8867200.0,7.17,Oil & Gas Midstream
WMT,2022-10-21,134.81,137.41,134.0,136.8,6043800.0,4.88,Discount Stores
WRB,2022-10-21,70.66,71.6,70.21,71.35,2128200.0,1.78,Insurance—Property & Casualty
WRK,2022-10-21,32.12,32.98,32.03,32.86,2175500.0,3.82,Packaging & Containers
WST,2022-10-21,232.88,237.81,227.21,232.88,862100.0,-5.92,Medical Instruments & Supplies
WTW,2022-10-21,205.35,211.13,203.61,210.72,710900.0,4.3,Insurance Brokers
WY,2022-10-21,28.94,30.01,28.8,29.96,5675600.0,3.31,REIT—Specialty
WYNN,2022-10-21,55.82,58.94,55.39,58.8,4220200.0,4.35,Resorts & Casinos
XEL,2022-10-21,59.84,61.24,59.43,60.9,3776000.0,3.47,Utilities—Regulated Electric
XOM,2022-10-21,104.45,106.4,103.91,105.86,22801500.0,6.72,Oil & Gas Integrated
XRAY,2022-10-21,28.54,29.09,27.98,29.06,2024600.0,2.04,Medical Instruments & Supplies
XYL,2022-10-21,91.53,94.09,90.46,93.86,911400.0,8.89,Specialty Industrial Machinery
YUM,2022-10-21,109.44,111.4,108.77,111.03,1735700.0,3.99,Restaurants
ZBH,2022-10-21,105.93,107.7,102.6,107.39,1116800.0,0.45,Medical Devices
ZBRA,2022-10-21,255.92,263.91,252.39,263.04,348800.0,2.91,Communication Equipment
ZION,2022-10-21,47.18,48.5,46.58,47.82,2381100.0,-4.63,Banks—Regional
ZTS,2022-10-21,143.94,147.69,142.12,147.21,2354100.0,1.24,Drug Manufacturers—Specialty & Generic
